VP;ID
Andew Lloyd;64
Sandy Lviv;56
Lilly Sanders;451
Dolores Hutchins;163
Dolores Hutchins;367
Tom Sale;110
Mort Torres;15
Mort Torres;42
Mort Torres;62
Mort Torres;75
Mort Torres;97
Mort Torres;126
Mort Torres;190
Mort Torres;244
Mort Torres;264
Mort Torres;337
Mort Torres;368
Mort Torres;395
Mort Torres;414
Mort Torres;421
Mort Torres;458
Mort Torres;462
Mort Torres;470
Brian Jinx;467
Brian Konerko;142
Brian Konerko;314
Brian Konerko;405
Michael Di Maggio;222
Michael Di Maggio;261
Michael Di Maggio;275
Michael Di Maggio;392
Michael Di Maggio;427
Michael Di Maggio;443
David Brown;150
Rick Adams;115
Rick Adams;165
Rick Adams;259
Rick Adams;413
Rick Adams;456
Qui Lu;31
Qui Lu;231
Bo Jones;63
Monica Lancing;50
Monica Lancing;235
Dan Black;204
Louise White;5
Louise White;148
Louise White;281
Louise White;293
Louise White;425
Louise White;439
Nick Redding;320
Sam Gates;365
Carl Morris;338
Carl Morris;466
Robert Nero;14
Robert Nero;43
Robert Nero;151
Robert Nero;200
Robert Nero;339
Robert Nero;363
Robert Nero;394
Robert Nero;455
Barry Daniel;132
Barry Daniel;236
Barry Daniel;288
Barry Daniel;302
Barry Daniel;335
Barry Daniel;353
Chuck Taylor;85
Chuck Taylor;107
Bruce Fox;2
Tracy Goodwill;22
Tracy Goodwill;152
Fred Michaels;9
Fred Michaels;17
Fred Michaels;112
Fred Michaels;137
Fred Michaels;167
Fred Michaels;171
Fred Michaels;195
Fred Michaels;207
Fred Michaels;225
Fred Michaels;282
Fred Michaels;305
Fred Michaels;342
Terry Adams;98
Lucinda Owens;128
Lucinda Owens;328
Ilan Fridman;34
Ilan Fridman;49
Ilan Fridman;125
Ilan Fridman;246
Ilan Fridman;286
Ilan Fridman;346
Ilan Fridman;354
Ilan Fridman;428
Ilan Fridman;436
Dan English;78
Dan English;80
Dan English;147
Dan English;280
Dan English;341
Dan English;465
Jim Biggs;221
Jim Biggs;450
Julian Sanders;318
Phillip Clark;35
Phillip Clark;230
Phillip Clark;258
Phillip Clark;266
Phillip Clark;296
Phillip Clark;444
John Clark;81
John Clark;254
John Clark;277
John Clark;326
John Clark;332
John Clark;453
Jen Froind;158
Jim Brown;23
Jim Brown;26
Jim Brown;28
Jim Brown;30
Jim Brown;77
Jim Brown;87
Jim Brown;89
Jim Brown;92
Jim Brown;109
Jim Brown;131
Jim Brown;169
Jim Brown;187
Jim Brown;223
Jim Brown;263
Jim Brown;292
Jim Brown;308
Jim Brown;351
Jim Brown;390
Jim Brown;391
Jim Brown;400
Jim Brown;411
Jim Brown;437
Jim Brown;446
Jim Wheeler;1
Jim Wheeler;11
Jim Wheeler;16
Jim Wheeler;39
Jim Wheeler;59
Jim Wheeler;100
Jim Wheeler;102
Jim Wheeler;108
Jim Wheeler;141
Jim Wheeler;329
Jim Wheeler;418
Jim Wheeler;420
Jim Wheeler;424
Ross Cleave;166
Ross Cleave;356
Ross Cleave;409
Ross Cleave;434
Ross Cleave;471
Thomas Harris;65
Thomas Harris;155
Thomas Harris;182
Thomas Harris;260
Thomas Harris;303
Ann Rosenbalum;76
Ann Rosenbalum;159
Ann Rosenbalum;228
Ann Rosenbalum;301
Ann Rosenbalum;417
Ann Rosenbalum;452
Harris Voight;6
Harris Voight;20
Harris Voight;88
Harris Voight;116
Harris Voight;118
Harris Voight;138
Harris Voight;154
Harris Voight;310
Harris Voight;357
Harris Voight;399
Harris Voight;430
Todd Oliver;44
Todd Oliver;255
Todd Oliver;374
Todd Oliver;468
Drew Judsen;47
Drew Judsen;52
Drew Judsen;120
Drew Judsen;188
Drew Judsen;213
Drew Judsen;268
Drew Judsen;295
Drew Judsen;327
Mira Flores;61
Lucilla Johnson;18
Lucilla Johnson;53
Lucilla Johnson;73
Lucilla Johnson;124
Lucilla Johnson;170
Lucilla Johnson;211
Lucilla Johnson;226
Lucilla Johnson;233
Lucilla Johnson;249
Lucilla Johnson;278
Lucilla Johnson;349
Lucilla Johnson;372
Lucilla Johnson;387
Lucilla Johnson;432
Kieth Fisher;111
Kieth Fisher;205
Kieth Fisher;325
Kieth Fisher;398
Marilyn Banks;350
Marilyn Banks;416
Marilyn Banks;119
Marilyn Banks;378
Marilyn Banks;273
Marilyn Banks;366
Marilyn Banks;404
Linda Lee;21
Linda Lee;25
Linda Lee;33
Linda Lee;57
Linda Lee;60
Linda Lee;68
Linda Lee;91
Linda Lee;153
Linda Lee;157
Linda Lee;181
Linda Lee;283
Linda Lee;304
Linda Lee;319
Linda Lee;323
Linda Lee;364
Linda Lee;375
Linda Lee;380
Linda Lee;385
Linda Lee;386
Linda Lee;431
Linda Lee;442
Marcia Carr;12
Marcia Carr;27
Marcia Carr;86
Marcia Carr;133
Marcia Carr;144
Marcia Carr;177
Marcia Carr;197
Marcia Carr;217
Marcia Carr;219
Marcia Carr;253
Marcia Carr;262
Marcia Carr;270
Marcia Carr;294
Marcia Carr;358
Marcia Carr;382
Marcia Carr;393
Marcia Carr;435
Marcia Carr;463
Marcia Carr;469
Brett Dean;129
Mark A Ohrvall;291
Mark A Ohrvall;184
Mark A Ohrvall;307
Mark A Ohrvall;384
Mark A Ohrvall;134
Clark Kent;7
Clark Kent;40
Clark Kent;220
Clark Kent;373
Clark Kent;461
Clark Kent;121
Clark Kent;156
Clark Kent;210
Clark Kent;95
Clark Kent;106
Clark Kent;114
Max Gin;135
Max Gin;212
Max Gin;227
Max Gin;94
Max Gin;101
Max Gin;130
Max Gin;176
Max Gin;247
Max Gin;352
Max Gin;360
Max Gin;377
Max Gin;422
Sam Danks;10
Sam Danks;37
Sam Danks;46
Sam Danks;51
Sam Danks;72
Sam Danks;83
Sam Danks;93
Sam Danks;99
Sam Danks;123
Sam Danks;127
Sam Danks;143
Sam Danks;145
Sam Danks;168
Sam Danks;178
Sam Danks;183
Sam Danks;203
Sam Danks;241
Sam Danks;272
Sam Danks;289
Sam Danks;300
Sam Danks;312
Sam Danks;340
Sam Danks;371
Sam Danks;379
Sam Danks;396
Sam Danks;401
Sam Danks;408
Sam Danks;419
Sam Danks;426
Sam Danks;440
Sam Danks;445
Nora Jones;4
Nora Jones;29
Nora Jones;38
Nora Jones;69
Nora Jones;71
Nora Jones;82
Nora Jones;113
Nora Jones;140
Nora Jones;149
Nora Jones;162
Nora Jones;173
Nora Jones;186
Nora Jones;192
Nora Jones;193
Nora Jones;196
Nora Jones;208
Nora Jones;269
Nora Jones;276
Nora Jones;279
Nora Jones;290
Nora Jones;298
Nora Jones;309
Nora Jones;313
Nora Jones;322
Nora Jones;331
Nora Jones;344
Nora Jones;362
Nora Jones;370
Nora Jones;376
Nora Jones;397
Nora Jones;406
Nora Jones;441
Nora Jones;447
Nora Jones;460
Raju Singh;194
Raju Singh;237
Raju Singh;343
Raju Singh;267
Raju Singh;8
Raju Singh;24
Raju Singh;36
Raju Singh;55
Raju Singh;74
Raju Singh;79
Raju Singh;104
Raju Singh;117
Raju Singh;146
Raju Singh;160
Raju Singh;179
Raju Singh;189
Raju Singh;198
Raju Singh;209
Raju Singh;214
Raju Singh;218
Raju Singh;234
Raju Singh;238
Raju Singh;250
Raju Singh;252
Raju Singh;256
Raju Singh;257
Raju Singh;274
Raju Singh;287
Raju Singh;311
Raju Singh;315
Raju Singh;321
Raju Singh;330
Raju Singh;334
Raju Singh;389
Raju Singh;403
Raju Singh;412
Raju Singh;429
Raju Singh;459
June Beck;381
June Beck;32
June Beck;105
June Beck;164
June Beck;174
June Beck;199
June Beck;232
June Beck;324
June Beck;361
June Beck;410
June Beck;433
Josh Smith;348
Josh Smith;58
Josh Smith;67
Josh Smith;70
Josh Smith;136
Josh Smith;185
Josh Smith;206
Josh Smith;216
Josh Smith;229
Josh Smith;240
Josh Smith;285
Josh Smith;297
Josh Smith;347
Josh Smith;355
Josh Smith;359
Josh Smith;388
Josh Smith;457
Luke Tracy;161
Sara Berg;41
Sara Berg;13
Sara Berg;48
Sara Berg;191
Sara Berg;306
Sara Berg;175
Sandra Levi;3
Sandra Levi;201
Sandra Levi;202
Sandra Levi;224
Sandra Levi;243
Sandra Levi;245
Sandra Levi;271
Sandra Levi;284
Sandra Levi;299
Sandra Levi;317
Sandra Levi;336
Sandra Levi;383
Sandra Levi;402
Sandra Levi;438
Sandra Levi;448
Sandra Levi;454
Sandra Levi;464
Sandra Levi;54
Sandra Levi;90
Sandra Levi;122
Bill O'Hara;215
Bill O'Hara;172
Bill O'Hara;407
Bill O'Hara;19
Bill O'Hara;66
Bill O'Hara;96
Bill O'Hara;180
Bill O'Hara;242
Bill O'Hara;251
Bill O'Hara;333
Bill O'Hara;449
Bill O'Hara;103
Bill O'Hara;139
Will Smith;316
Will Smith;345
Will Smith;415
Sean Peters;45
Sean Peters;84
Sean Peters;239
Sean Peters;248
Sean Peters;265
Sean Peters;369
Sean Peters;423
